synthetic_notice,row_kind,row_id,window_id,detected,observation_minutes
SYNTHETIC DEMO DATA - NOT MEASURED - NOT APPROVED - NOT FOR ENGINEERING USE,TARGET_TRIAL,SYN-T-RAIN-01,,1,
SYNTHETIC DEMO DATA - NOT MEASURED - NOT APPROVED - NOT FOR ENGINEERING USE,TARGET_TRIAL,SYN-T-RAIN-02,,1,
SYNTHETIC DEMO DATA - NOT MEASURED - NOT APPROVED - NOT FOR ENGINEERING USE,TARGET_TRIAL,SYN-T-RAIN-03,,1,
SYNTHETIC DEMO DATA - NOT MEASURED - NOT APPROVED - NOT FOR ENGINEERING USE,TARGET_TRIAL,SYN-T-RAIN-04,,1,
SYNTHETIC DEMO DATA - NOT MEASURED - NOT APPROVED - NOT FOR ENGINEERING USE,TARGET_TRIAL,SYN-T-RAIN-05,,1,
SYNTHETIC DEMO DATA - NOT MEASURED - NOT APPROVED - NOT FOR ENGINEERING USE,TARGET_TRIAL,SYN-T-RAIN-06,,1,
SYNTHETIC DEMO DATA - NOT MEASURED - NOT APPROVED - NOT FOR ENGINEERING USE,TARGET_TRIAL,SYN-T-RAIN-07,,1,
SYNTHETIC DEMO DATA - NOT MEASURED - NOT APPROVED - NOT FOR ENGINEERING USE,TARGET_TRIAL,SYN-T-RAIN-08,,1,
SYNTHETIC DEMO DATA - NOT MEASURED - NOT APPROVED - NOT FOR ENGINEERING USE,TARGET_TRIAL,SYN-T-RAIN-09,,1,
SYNTHETIC DEMO DATA - NOT MEASURED - NOT APPROVED - NOT FOR ENGINEERING USE,TARGET_TRIAL,SYN-T-RAIN-10,,1,
SYNTHETIC DEMO DATA - NOT MEASURED - NOT APPROVED - NOT FOR ENGINEERING USE,TARGET_TRIAL,SYN-T-RAIN-11,,1,
SYNTHETIC DEMO DATA - NOT MEASURED - NOT APPROVED - NOT FOR ENGINEERING USE,TARGET_TRIAL,SYN-T-RAIN-12,,1,
SYNTHETIC DEMO DATA - NOT MEASURED - NOT APPROVED - NOT FOR ENGINEERING USE,TARGET_TRIAL,SYN-T-RAIN-13,,1,
SYNTHETIC DEMO DATA - NOT MEASURED - NOT APPROVED - NOT FOR ENGINEERING USE,TARGET_TRIAL,SYN-T-RAIN-14,,1,
SYNTHETIC DEMO DATA - NOT MEASURED - NOT APPROVED - NOT FOR ENGINEERING USE,TARGET_TRIAL,SYN-T-RAIN-15,,1,
SYNTHETIC DEMO DATA - NOT MEASURED - NOT APPROVED - NOT FOR ENGINEERING USE,TARGET_TRIAL,SYN-T-RAIN-16,,1,
SYNTHETIC DEMO DATA - NOT MEASURED - NOT APPROVED - NOT FOR ENGINEERING USE,TARGET_TRIAL,SYN-T-RAIN-17,,0,
SYNTHETIC DEMO DATA - NOT MEASURED - NOT APPROVED - NOT FOR ENGINEERING USE,TARGET_TRIAL,SYN-T-RAIN-18,,0,
SYNTHETIC DEMO DATA - NOT MEASURED - NOT APPROVED - NOT FOR ENGINEERING USE,TARGET_TRIAL,SYN-T-RAIN-19,,0,
SYNTHETIC DEMO DATA - NOT MEASURED - NOT APPROVED - NOT FOR ENGINEERING USE,TARGET_TRIAL,SYN-T-RAIN-20,,0,
SYNTHETIC DEMO DATA - NOT MEASURED - NOT APPROVED - NOT FOR ENGINEERING USE,OBSERVATION_WINDOW,SYN-W-RAIN-01,,,1
SYNTHETIC DEMO DATA - NOT MEASURED - NOT APPROVED - NOT FOR ENGINEERING USE,OBSERVATION_WINDOW,SYN-W-RAIN-02,,,1
SYNTHETIC DEMO DATA - NOT MEASURED - NOT APPROVED - NOT FOR ENGINEERING USE,OBSERVATION_WINDOW,SYN-W-RAIN-03,,,1
SYNTHETIC DEMO DATA - NOT MEASURED - NOT APPROVED - NOT FOR ENGINEERING USE,OBSERVATION_WINDOW,SYN-W-RAIN-04,,,1
SYNTHETIC DEMO DATA - NOT MEASURED - NOT APPROVED - NOT FOR ENGINEERING USE,OBSERVATION_WINDOW,SYN-W-RAIN-05,,,1
SYNTHETIC DEMO DATA - NOT MEASURED - NOT APPROVED - NOT FOR ENGINEERING USE,OBSERVATION_WINDOW,SYN-W-RAIN-06,,,1
SYNTHETIC DEMO DATA - NOT MEASURED - NOT APPROVED - NOT FOR ENGINEERING USE,OBSERVATION_WINDOW,SYN-W-RAIN-07,,,1
SYNTHETIC DEMO DATA - NOT MEASURED - NOT APPROVED - NOT FOR ENGINEERING USE,OBSERVATION_WINDOW,SYN-W-RAIN-08,,,1
SYNTHETIC DEMO DATA - NOT MEASURED - NOT APPROVED - NOT FOR ENGINEERING USE,OBSERVATION_WINDOW,SYN-W-RAIN-09,,,1
SYNTHETIC DEMO DATA - NOT MEASURED - NOT APPROVED - NOT FOR ENGINEERING USE,OBSERVATION_WINDOW,SYN-W-RAIN-10,,,1
SYNTHETIC DEMO DATA - NOT MEASURED - NOT APPROVED - NOT FOR ENGINEERING USE,FALSE_TRACK_EVENT,SYN-FT-RAIN-001,SYN-W-RAIN-01,,
SYNTHETIC DEMO DATA - NOT MEASURED - NOT APPROVED - NOT FOR ENGINEERING USE,FALSE_TRACK_EVENT,SYN-FT-RAIN-002,SYN-W-RAIN-02,,
SYNTHETIC DEMO DATA - NOT MEASURED - NOT APPROVED - NOT FOR ENGINEERING USE,FALSE_TRACK_EVENT,SYN-FT-RAIN-003,SYN-W-RAIN-04,,
SYNTHETIC DEMO DATA - NOT MEASURED - NOT APPROVED - NOT FOR ENGINEERING USE,FALSE_TRACK_EVENT,SYN-FT-RAIN-004,SYN-W-RAIN-06,,
SYNTHETIC DEMO DATA - NOT MEASURED - NOT APPROVED - NOT FOR ENGINEERING USE,FALSE_TRACK_EVENT,SYN-FT-RAIN-005,SYN-W-RAIN-07,,
SYNTHETIC DEMO DATA - NOT MEASURED - NOT APPROVED - NOT FOR ENGINEERING USE,FALSE_TRACK_EVENT,SYN-FT-RAIN-006,SYN-W-RAIN-09,,
SYNTHETIC DEMO DATA - NOT MEASURED - NOT APPROVED - NOT FOR ENGINEERING USE,FALSE_TRACK_EVENT,SYN-FT-RAIN-007,SYN-W-RAIN-10,,
